exact fidelity,bo_fidelity,betas_r,betas_i,gammas_r,gammas_i,phis,thetas
,,,,,,,
0.13088619466662482,0.5374854207038879,"[0.34081477, -0.3068884]","[2.9770672, -0.41260293]","[-2.2183888, 2.0755205]","[1.0495257, -1.9082953]","[0.0, -1.0983698]","[-2.8157024, -1.6932282]"
0.6238590247924174,0.5784906148910522,"[-1.9707913, -0.24319035]","[1.2691528, -0.6388379]","[-2.8066516, -0.069095865]","[0.08943552, -0.58758163]","[0.0, 1.3188779]","[0.41444778, 0.012126923]"
