exact fidelity,bo_fidelity,betas,gammas,phis,thetas
,,,,,
0.03401309112851533,0.9998759031295776,"[ 0.7330982 -0.52879j    -0.8887826 -2.2574656j   1.3340279 +0.58420545j
 -1.1239429 +0.45052028j  0.22399059+0.09913091j  1.1232322 -1.944331j
 -2.970411  -0.9547182j   0.04947721-0.5133836j  -1.3520029 +2.5469532j
  1.8451891 +1.6159787j ]","[ 0.83899343+0.5908235j  -2.0481853 +0.09649243j -0.56908715-0.8490971j
  0.22977452+0.33579022j  2.6298118 -0.6960451j  -0.29848495-0.5171049j
 -0.13150725-2.4067779j  -0.8511217 +1.5775442j   2.2374814 +1.8608322j
 -0.2726204 +0.0744633j ]","[ 0.         -0.08242512 -2.846556    1.2803547  -2.8920112  -1.3269231
 -1.662518    1.9198587   1.3941357   2.6637723 ]","[-2.7124465   2.1054747  -0.01625943  1.5709016   1.7575614  -2.218701
  0.6944468  -1.2315674   0.30809355  1.3002989 ]"
0.22047371673522795,0.9999098777770996,"[ 0.8525793 +1.5639534j  -1.1207165 +0.5176204j  -0.6317511 +2.639685j
 -1.655494  +0.36124757j  1.7524072 -0.8823784j   2.3311794 -0.6058658j
  0.58619833-1.0995314j   1.0034635 +2.6102397j   0.6383732 +1.1557214j
  0.18194443-1.9375504j ]","[-1.12784290e+00+1.3025444j   1.96462318e-01-1.0092878j
  2.59154868e+00-1.4306608j   9.37158018e-02+0.5362471j
  9.03282881e-01+1.2558495j  -1.24184534e-01-0.73034006j
  8.27547431e-01-1.9162796j   1.02189422e+00+1.1617081j
 -2.01622862e-03-0.00678651j -1.89892620e-01+0.00827486j]","[ 0.         0.5800545 -2.221862  -0.1885202 -1.5970165  1.0393784
  2.3542883 -2.0265636  1.4488099 -2.143368 ]","[ 0.26861143  0.983721    1.359792   -1.3519244  -2.7298405   1.654279
  0.30817056  2.1205485   1.0282934  -0.03635836]"
