time,rep fid
100,0.08875805139541626
200,0.26468318700790405
300,0.36505216360092163
400,0.3937738537788391
500,0.42820852994918823
600,0.46279507875442505
700,0.4881177544593811
800,0.5027654767036438
900,0.5170568227767944
1000,0.5308370888233185
1100,0.5420523285865784
1200,0.5497999787330627
1300,0.5572625398635864
1400,0.5636597275733948
1500,0.5690897107124329
1600,0.5751699209213257
1700,0.5829851627349854
1800,0.5944496393203735
