time,alpha,detuning,err,filenum
1000,30,0.0001,0.8913267850875854,4
1000,30,0.001,0.7684108018875122,5
1000,30,0.01,0.7124606966972351,6
1000,30,0.02,-1.0,7
